iter	MultiClass
0	-0.8100734016
1	-1.320852229
2	-3.678981229
3	-13.70627389
4	-15.0962063
5	-8.767684732
