iter	MultiClass
0	-0.9099786431
1	-0.7743700792
2	-0.6919270678
3	-0.646442616
4	-0.6106457039
5	-0.5942121407
6	-0.5769012106
7	-0.5670752502
8	-0.5509482886
9	-0.5359322128
10	-0.5262137924
11	-0.5221289573
12	-0.515037389
13	-0.5107907827
14	-0.5047132825
15	-0.5003402028
