iter	MultiClass
0	-0.006972189042
1	-0.003930571939
2	-0.002920362946
3	-0.001916880667
4	-0.001427863015
5	-0.001128204473
6	-0.001055996227
7	-0.0009162713249
8	-0.0007467218232
9	-0.0006627936869
