iter	Logloss
0	0.005892898683
1	0.00296525132
