iter	Logloss
0	0.215382604
1	0.1252941789
2	0.1048349949
3	0.09859490487
4	0.09151030651
5	0.09120320987
6	0.0811939912
7	0.07865737867
8	0.06820809434
